{"name":"f742f1f6-0967-4fca-8a59-855016764563","id":"/providers/Microsoft.Flow/flows/f742f1f6-0967-4fca-8a59-855016764563","type":"Microsoft.Flow/flows","properties":{"apiId":"/providers/Microsoft.PowerApps/apis/shared_logicflows","displayName":"IT High Level Calendar","definition":{"metadata":{"workflowEntityId":null,"processAdvisorMetadata":null,"flowChargedByPaygo":null,"flowclientsuspensionreason":"None","flowclientsuspensiontime":null,"flowclientsuspensionreasondetails":null,"creator":{"id":"557356bb-c73a-4e10-9538-8ae163d2df0c","type":"User","tenantId":"09fa1f64-6758-4a1d-92b3-efd011557976"},"provisioningMethod":"FromDefinition","failureAlertSubscription":true,"clientLastModifiedTime":"2025-03-30T18:16:52.3519297Z","connectionKeySavedTimeKey":"2025-03-30T18:16:52.3519297Z","creationSource":null,"modifiedSources":"Portal"},"$schema":"https://schema.management.azure.com/providers/Microsoft.Logic/schemas/2016-06-01/workflowdefinition.json#","contentVersion":"1.0.0.0","parameters":{"$connections":{"defaultValue":{},"type":"Object"},"$authentication":{"defaultValue":{},"type":"SecureObject"}},"triggers":{"When_a_new_response_is_submitted":{"splitOn":"@triggerOutputs()?['body/value']","metadata":{"operationMetadataId":"4721b1c7-9239-4012-930d-b26fe8d4a446"},"type":"OpenApiConnectionWebhook","inputs":{"host":{"apiId":"/providers/Microsoft.PowerApps/apis/shared_microsoftforms","connectionName":"shared_microsoftforms","operationId":"CreateFormWebhook"},"parameters":{"form_id":"ZB_6CVhnHUqSs-_QEVV5drtWc1U6xxBOlTiK4WPS3wxUOEs3UzdXQU1RRVpCWkM2QzhVOUVTU0dCWi4u"},"authentication":"@parameters('$authentication')"}}},"actions":{"Get_response_details":{"runAfter":{},"metadata":{"operationMetadataId":"a40bade3-1570-47d5-828a-6bec23dfcf6d"},"type":"OpenApiConnection","inputs":{"host":{"apiId":"/providers/Microsoft.PowerApps/apis/shared_microsoftforms","connectionName":"shared_microsoftforms","operationId":"GetFormResponseById"},"parameters":{"form_id":"ZB_6CVhnHUqSs-_QEVV5drtWc1U6xxBOlTiK4WPS3wxUOEs3UzdXQU1RRVpCWkM2QzhVOUVTU0dCWi4u","response_id":"@triggerOutputs()?['body/resourceData/responseId']"},"authentication":"@parameters('$authentication')"}},"Add_a_row_into_a_table_3":{"runAfter":{"Condition":["Succeeded"]},"metadata":{"014A7Z6BNHI54ZO4ZNQBEYMK47L2LVVXX2":"/High Level Calendar for Power BI_Copy.xlsx","operationMetadataId":"7577365a-59ce-4540-a493-210f7b7fb808","tableId":"{CDB806CD-10D0-41D5-A54F-B3483A4239C1}"},"type":"OpenApiConnection","inputs":{"host":{"apiId":"/providers/Microsoft.PowerApps/apis/shared_excelonlinebusiness","connectionName":"shared_excelonlinebusiness","operationId":"AddRowV2"},"parameters":{"source":"me","drive":"b!dnXiFPXWlUWWnWwPD21bg8-Z6yxtQhZCkJZOTLj1lPCyuyMNPp2xR4L1SZ5Zy2Vw","file":"014A7Z6BNHI54ZO4ZNQBEYMK47L2LVVXX2","table":"{CDB806CD-10D0-41D5-A54F-B3483A4239C1}"},"authentication":"@parameters('$authentication')"}},"Condition_2":{"actions":{"Add_a_row_into_a_table_5":{"runAfter":{},"metadata":{"operationMetadataId":"3d702df1-faf2-4fa7-bd44-96c153fdb161","tableId":"{CDB806CD-10D0-41D5-A54F-B3483A4239C1}"},"type":"OpenApiConnection","inputs":{"host":{"apiId":"/providers/Microsoft.PowerApps/apis/shared_excelonlinebusiness","connectionName":"shared_excelonlinebusiness","operationId":"AddRowV2"},"parameters":{"source":"me","drive":"b!dnXiFPXWlUWWnWwPD21bg8-Z6yxtQhZCkJZOTLj1lPCyuyMNPp2xR4L1SZ5Zy2Vw","file":"/High Level Calendar for Power BI_Copy.xlsx","table":"{CDB806CD-10D0-41D5-A54F-B3483A4239C1}","item/Task":"@outputs('Get_response_details')?['body/ra23251ffdccf43eaa08adf4ead10496d']","item/Description":"@outputs('Get_response_details')?['body/rc8fce45e9e0546469e919e3efffcc464']","item/IT Action ":"@outputs('Get_response_details')?['body/r2a06e4f923914ba29e7be6e7b36d3c51']","item/Date (if applicable)":"@outputs('Get_response_details')?['body/r87bb954e400a47fc8a3218b0cf0d1c26']","item/Comments ~1 Supporting Documents":"@outputs('Get_response_details')?['body/r60f0620593244431ad47073a0c1302d8']"},"authentication":"@parameters('$authentication')"}}},"runAfter":{"Get_response_details":["Succeeded"]},"else":{"actions":{"List_rows_present_in_a_table_2":{"runAfter":{},"metadata":{"operationMetadataId":"025ebeb4-1267-4bef-91b3-1705b14398c1"},"type":"OpenApiConnection","inputs":{"host":{"apiId":"/providers/Microsoft.PowerApps/apis/shared_excelonlinebusiness","connectionName":"shared_excelonlinebusiness","operationId":"GetItems"},"parameters":{"source":"me","drive":"b!dnXiFPXWlUWWnWwPD21bg8-Z6yxtQhZCkJZOTLj1lPCyuyMNPp2xR4L1SZ5Zy2Vw","file":"/High Level Calendar for Power BI_Copy.xlsx","table":"{0D8145AD-C023-4DAE-A8C6-91DE0B6EE3AC}"},"authentication":"@parameters('$authentication')"}}}},"expression":{"equals":["@outputs('Get_response_details')?['body/r1ac1f435bef94693b23bc5ae0df271d2']","Add a New Subtask to an Existing Task"]},"metadata":{"operationMetadataId":"dbdec74d-cf7e-4e29-92ba-39550575cda7"},"type":"If"},"Condition":{"actions":{"Start_and_wait_for_an_approval":{"runAfter":{},"metadata":{"operationMetadataId":"39bace4c-73a9-4881-90d3-d704a3e1a29d"},"type":"OpenApiConnectionWebhook","inputs":{"host":{"apiId":"/providers/Microsoft.PowerApps/apis/shared_approvals","connectionName":"shared_approvals","operationId":"StartAndWaitForAnApproval"},"parameters":{"approvalType":"BasicAwaitAll","WebhookApprovalCreationInput/title":"Attention: New Task Entry to IT High Level Calendar","WebhookApprovalCreationInput/assignedTo":"vasundhra.awasthi@martinrea.com;","WebhookApprovalCreationInput/enableNotifications":true,"WebhookApprovalCreationInput/enableReassignment":true},"authentication":"@parameters('$authentication')"}},"Add_a_row_into_a_table":{"runAfter":{"Start_and_wait_for_an_approval":["Succeeded"]},"metadata":{"014A7Z6BNHI54ZO4ZNQBEYMK47L2LVVXX2":"/High Level Calendar for Power BI_Copy.xlsx","operationMetadataId":"c568294a-abeb-4ec3-a893-68c2acc8d485","tableId":"{0D8145AD-C023-4DAE-A8C6-91DE0B6EE3AC}"},"type":"OpenApiConnection","inputs":{"host":{"apiId":"/providers/Microsoft.PowerApps/apis/shared_excelonlinebusiness","connectionName":"shared_excelonlinebusiness","operationId":"AddRowV2"},"parameters":{"source":"me","drive":"b!dnXiFPXWlUWWnWwPD21bg8-Z6yxtQhZCkJZOTLj1lPCyuyMNPp2xR4L1SZ5Zy2Vw","file":"014A7Z6BNHI54ZO4ZNQBEYMK47L2LVVXX2","table":"{0D8145AD-C023-4DAE-A8C6-91DE0B6EE3AC}","item/Task_ID":"@outputs('Compose_5')","item/Task":"@outputs('Get_response_details')?['body/rd175f64ccae9459d95f266e5dbacbef1']","item/MS_Update_Task":"@0","item/Monday":"@if(contains(variables('SelectedDays'), 'Monday'), 1, 0)","item/Tuesday":"@if(contains(variables('SelectedDays'), 'Tuesday'), 1, 0)","item/Wednesday":"@if(contains(variables('SelectedDays'), 'Wednesday'), 1, 0)\r\n","item/Thursday":"@if(contains(variables('SelectedDays'), 'Thursday'), 1, 0)\r\n","item/Friday":"@if(contains(variables('SelectedDays'), 'Friday'), 1, 0)\r\n","item/Saturday":"@if(contains(variables('SelectedDays'), 'Saturday'), 1, 0)\r\n","item/Sunday":"@if(contains(variables('SelectedDays'), 'Sunday'), 1, 0)\r\n","item/Month_Week_1":"@1","item/Month_Week_2":"@1","item/Month_Week_3":"@1","item/Month_Week_4":"@1","item/Month_Week_5":"@1","item/Month_Week_6":"@1"},"authentication":"@parameters('$authentication')"}}},"runAfter":{"SelectedMonths":["Succeeded"]},"else":{"actions":{"Start_and_wait_for_an_approval_2":{"runAfter":{},"metadata":{"operationMetadataId":"79bbb39f-f528-44bc-b7c4-3f329294fb8c"},"type":"OpenApiConnectionWebhook","inputs":{"host":{"apiId":"/providers/Microsoft.PowerApps/apis/shared_approvals","connectionName":"shared_approvals","operationId":"StartAndWaitForAnApproval"},"parameters":{"approvalType":"BasicAwaitAll","WebhookApprovalCreationInput/title":"Attention: New Task Entry to IT High Level Calendar","WebhookApprovalCreationInput/assignedTo":"vasundhra.awasthi@martinrea.com;","WebhookApprovalCreationInput/enableNotifications":true,"WebhookApprovalCreationInput/enableReassignment":true},"authentication":"@parameters('$authentication')"}},"Add_a_row_into_a_table_2":{"runAfter":{"Start_and_wait_for_an_approval_2":["Succeeded"]},"metadata":{"014A7Z6BNHI54ZO4ZNQBEYMK47L2LVVXX2":"/High Level Calendar for Power BI_Copy.xlsx","operationMetadataId":"f073dfa5-a42c-4e29-911d-2f4057d99d7a","tableId":"{0D8145AD-C023-4DAE-A8C6-91DE0B6EE3AC}"},"type":"OpenApiConnection","inputs":{"host":{"apiId":"/providers/Microsoft.PowerApps/apis/shared_excelonlinebusiness","connectionName":"shared_excelonlinebusiness","operationId":"AddRowV2"},"parameters":{"source":"me","drive":"b!dnXiFPXWlUWWnWwPD21bg8-Z6yxtQhZCkJZOTLj1lPCyuyMNPp2xR4L1SZ5Zy2Vw","file":"014A7Z6BNHI54ZO4ZNQBEYMK47L2LVVXX2","table":"{0D8145AD-C023-4DAE-A8C6-91DE0B6EE3AC}","item/Task_ID":"@outputs('Compose_5')","item/Task":"@outputs('Get_response_details')?['body/rd175f64ccae9459d95f266e5dbacbef1']","item/MS_Update_Task":"@0","item/Monday":"@1","item/Tuesday":"@1","item/Wednesday":"@1","item/Thursday":"@1","item/Friday":"@1","item/Saturday":"@1","item/Sunday":"@1","item/Month_Week_1":"@if(contains(variables('SelectedMonthsWeek'), 'Month_Week_1'), 1, 0)\r\n","item/Month_Week_2":"@if(contains(variables('SelectedMonthsWeek'), 'Month_Week_2'), 1, 0)","item/Month_Week_3":"@if(contains(variables('SelectedMonthsWeek'), 'Month_Week_3'), 1, 0)\r\n","item/Month_Week_4":"@if(contains(variables('SelectedMonthsWeek'), 'Month_Week_4'), 1, 0)\r\n","item/Month_Week_5":"@if(contains(variables('SelectedMonthsWeek'), 'Month_Week_5'), 1, 0)\r\n","item/Month_Week_6":"@if(contains(variables('SelectedMonthsWeek'), 'Month_Week_6'), 1, 0)\r\n"},"authentication":"@parameters('$authentication')"}}}},"expression":{"or":[{"and":[{"equals":["@outputs('Get_response_details')?['body/r1ac1f435bef94693b23bc5ae0df271d2']","No"]},{"equals":["@outputs('Get_response_details')?['body/re6f9468bd65d4f859e355bf3ad3901d5']","No"]},{"equals":["@outputs('Get_response_details')?['body/rd76f949a53b7456bb793e88766bb27ad']","No"]}]},{"and":[{"equals":["@outputs('Get_response_details')?['body/r1ac1f435bef94693b23bc5ae0df271d2']","Yes"]},{"equals":["@outputs('Get_response_details')?['body/re6f9468bd65d4f859e355bf3ad3901d5']","Yes"]},{"equals":["@outputs('Get_response_details')?['body/rd76f949a53b7456bb793e88766bb27ad']","Yes"]}]}]},"metadata":{"operationMetadataId":"51b995ce-2d3c-4586-bec0-54547ae65a2e"},"type":"If"},"Compose":{"runAfter":{"List_rows_present_in_a_table":["Succeeded"]},"metadata":{"operationMetadataId":"19ccceb3-d591-4b7c-932d-6125234d2b63"},"type":"Compose","inputs":"@outputs('Get_response_details')?['body/r0520d88d6f4446f79d7c101dee6bdcc1']"},"Compose_2":{"runAfter":{"Compose":["Succeeded"]},"metadata":{"operationMetadataId":"50ad58a6-dca6-43ad-a0f5-02e8ebb916ce"},"type":"Compose","inputs":"@outputs('Get_response_details')?['body/r957c4e8abc7640378da5bf48921290d4']"},"Compose_3":{"runAfter":{"Compose_2":["Succeeded"]},"metadata":{"operationMetadataId":"b2f055cd-2173-4496-91b9-fa4b8a595028"},"type":"Compose","inputs":"@outputs('Get_response_details')?['body/r87bb954e400a47fc8a3218b0cf0d1c26']"},"Compose_6":{"runAfter":{"Compose_3":["Succeeded"]},"metadata":{"operationMetadataId":"fea23901-3e99-4ee9-b270-0aab3863ca85"},"type":"Compose","inputs":"@outputs('Get_response_details')?['body/r1ac1f435bef94693b23bc5ae0df271d2']"},"Compose_4":{"runAfter":{"Compose_6":["Succeeded"]},"metadata":{"operationMetadataId":"45cf71b3-df8e-45b2-a9fe-95d1280e845a"},"type":"Compose","inputs":"@first(outputs('List_rows_present_in_a_table')?['body/value'])?['Task_ID']\r\n"},"Compose_5":{"runAfter":{"Compose_4":["Succeeded"]},"metadata":{"operationMetadataId":"ad6fbb8a-5378-4964-8617-00751d3b9039"},"type":"Compose","inputs":"@add(int(outputs('Compose_4')), 1)\r\n"},"SelectedDays":{"runAfter":{"Compose_5":["Succeeded"]},"metadata":{"operationMetadataId":"c14d338b-2872-48cc-aacf-20d45ece27b5"},"type":"InitializeVariable","inputs":{"variables":[{"name":"SelectedDays","type":"array","value":"@split(outputs('Compose'), ',')\r\n"}]}},"SelectedMonthsWeek":{"runAfter":{"SelectedDays":["Succeeded"]},"metadata":{"operationMetadataId":"3248f719-0ad1-4223-b6cb-0ff7d5cd7ab1"},"type":"InitializeVariable","inputs":{"variables":[{"name":"SelectedMonthsWeek","type":"array","value":"@split(outputs('Compose_2'), ',')\r\n"}]}},"SelectedMonths":{"runAfter":{"SelectedMonthsWeek":["Succeeded"]},"metadata":{"operationMetadataId":"f965f883-16c4-4130-b60d-0cc00292acdb"},"type":"InitializeVariable","inputs":{"variables":[{"name":"SelectedMonths","type":"array","value":"@split(outputs('Compose_3'), ',')"}]}},"List_rows_present_in_a_table":{"runAfter":{"Condition_2":["Succeeded"]},"metadata":{"014A7Z6BNHI54ZO4ZNQBEYMK47L2LVVXX2":"/High Level Calendar for Power BI_Copy.xlsx","operationMetadataId":"6ac24955-1178-4a0a-b114-6ccca564b58a","tableId":"{0D8145AD-C023-4DAE-A8C6-91DE0B6EE3AC}"},"type":"OpenApiConnection","inputs":{"host":{"apiId":"/providers/Microsoft.PowerApps/apis/shared_excelonlinebusiness","connectionName":"shared_excelonlinebusiness","operationId":"GetItems"},"parameters":{"source":"me","drive":"b!dnXiFPXWlUWWnWwPD21bg8-Z6yxtQhZCkJZOTLj1lPCyuyMNPp2xR4L1SZ5Zy2Vw","file":"014A7Z6BNHI54ZO4ZNQBEYMK47L2LVVXX2","table":"{0D8145AD-C023-4DAE-A8C6-91DE0B6EE3AC}","$orderby":"Task_ID desc"},"authentication":"@parameters('$authentication')"}}}},"connectionReferences":{"shared_microsoftforms":{"connectionName":"shared-microsoftform-2608c97e-1b3a-432d-a08f-c8cd82744b3d","source":"Embedded","id":"/providers/Microsoft.PowerApps/apis/shared_microsoftforms","tier":"NotSpecified","apiName":"microsoftforms"},"shared_excelonlinebusiness":{"connectionName":"shared-excelonlinebu-d149dcec-f9df-4cba-830d-b5714706b8a7","source":"Embedded","id":"/providers/Microsoft.PowerApps/apis/shared_excelonlinebusiness","tier":"NotSpecified","apiName":"excelonlinebusiness"},"shared_approvals":{"connectionName":"shared-approvals-74773236-46ed-4e99-ba51-defad67d3e92","source":"Embedded","id":"/providers/Microsoft.PowerApps/apis/shared_approvals","tier":"NotSpecified","apiName":"approvals"}},"flowFailureAlertSubscribed":false,"isManaged":false}}